,name,ratings,number of rating,number of reviews,ram,rom,expandable,display,camera,battery,price
0,Cellecor E3,3.7,56.0,2.0,32.0,32.0,32.0,1.8,0.8,1000.0,1061.0
1,"REDMI 10 (Caribbean Green, 64 GB)",4.3,222897.0,13810.0,4.0,64.0,1.0,6.7,50.0,6000.0,9499.0
2,"REDMI 10 (Midnight Black, 64 GB)",4.3,222897.0,13810.0,4.0,64.0,1.0,6.7,50.0,6000.0,9499.0
3,"MOTOROLA G32 (Satin Silver, 128 GB)",4.1,9683.0,799.0,8.0,128.0,,6.55,50.0,5000.0,11999.0
4,"realme C33 2023 (Night Sea, 64 GB)",4.5,6542.0,184.0,4.0,64.0,1.0,6.5,50.0,5000.0,9999.0
5,"realme C33 2023 (Sandy Gold, 64 GB)",4.5,6542.0,184.0,4.0,64.0,1.0,6.5,50.0,5000.0,9999.0
6,"realme C33 2023 (Aqua Blue, 64 GB)",4.5,6542.0,184.0,4.0,64.0,1.0,6.5,50.0,5000.0,9999.0
7,"vivo T2x 5G (Aurora Gold, 128 GB)",4.4,2632.0,119.0,8.0,128.0,,6.58,50.0,5000.0,15999.0
8,"vivo T2x 5G (Glimmer Black, 128 GB)",4.4,2632.0,119.0,8.0,128.0,,6.58,50.0,5000.0,15999.0
9,"vivo T2x 5G (Marine Blue, 128 GB)",4.6,9086.0,386.0,4.0,128.0,,6.58,50.0,5000.0,12999.0
10,Nokia 105 TA-1473 SS,4.2,21318.0,1327.0,32.0,32.0,,1.77,0.0,800.0,1299.0
11,"POCO C51 (Royal Blue, 64 GB)",4.4,5431.0,145.0,4.0,64.0,1.0,6.52,8.0,5000.0,7249.0
12,"MOTOROLA g13 (Matte Charcoal, 128 GB)",4.0,10026.0,989.0,4.0,128.0,1.0,6.5,50.0,5000.0,9999.0
13,"POCO C50 (Royal Blue, 32 GB)",4.3,24370.0,1070.0,2.0,32.0,512.0,6.52,8.0,5000.0,5749.0
14,"Infinix SMART 7 (Emerald Green, 64 GB)",4.2,20911.0,1136.0,4.0,64.0,2.0,6.6,13.0,6000.0,7299.0
15,"Infinix SMART 7 (Azure Blue, 64 GB)",4.2,20911.0,1136.0,4.0,64.0,2.0,6.6,13.0,6000.0,7299.0
16,"Infinix SMART 7 (Night Black, 64 GB)",4.2,20911.0,1136.0,4.0,64.0,2.0,6.6,13.0,6000.0,7299.0
17,"MOTOROLA e13 (Aurora Green, 64 GB)",4.0,16560.0,1412.0,4.0,64.0,1.0,6.5,13.0,5000.0,7499.0
18,"Infinix HOT 30i (Mirror Black, 64 GB)",4.2,2246.0,138.0,4.0,64.0,1.0,6.6,50.0,5000.0,8399.0
19,"POCO C55 (Cool Blue, 128 GB)",4.2,8947.0,456.0,6.0,128.0,1.0,6.71,50.0,5000.0,9499.0
20,"realme C55 (Sunshower, 64 GB)",4.4,20628.0,1260.0,4.0,64.0,1.0,6.72,64.0,5000.0,10999.0
21,"REDMI A1+ (Light Blue, 32 GB)",4.2,2806.0,105.0,2.0,32.0,512.0,6.52,8.0,5000.0,6299.0
22,"REDMI 10 (Pacific Blue, 128 GB)",4.2,31560.0,2150.0,6.0,128.0,1.0,6.7,50.0,6000.0,10999.0
23,"realme C55 (Sunshower, 128 GB)",4.4,6531.0,387.0,8.0,128.0,1.0,6.72,64.0,5000.0,13999.0
24,"Infinix HOT 30i (Glacier Blue, 128 GB)",4.2,9814.0,677.0,8.0,128.0,1.0,6.6,50.0,5000.0,9299.0
25,"Infinix HOT 30i (Mirror Black, 128 GB)",4.2,9814.0,677.0,8.0,128.0,1.0,6.6,50.0,5000.0,9299.0
26,"Infinix HOT 30i (Glacier Blue, 64 GB)",4.2,2246.0,138.0,4.0,64.0,1.0,6.6,50.0,5000.0,8399.0
27,"Infinix HOT 30i (Diamond White, 64 GB)",4.2,2246.0,138.0,4.0,64.0,1.0,6.6,50.0,5000.0,8399.0
28,"POCO C55 (Power Black, 128 GB)",4.2,8947.0,456.0,6.0,128.0,1.0,6.71,50.0,5000.0,9499.0
29,"POCO M5 (Power Black, 64 GB)",4.3,4343.0,314.0,4.0,64.0,512.0,6.58,50.0,5000.0,8999.0
30,"POCO M5 (Icy Blue, 64 GB)",4.3,4343.0,314.0,4.0,64.0,512.0,6.58,50.0,5000.0,8999.0
31,"SAMSUNG Galaxy F04 (Opal Green, 64 GB)",4.3,15803.0,749.0,4.0,64.0,1.0,6.5,13.0,5000.0,8499.0
32,"realme C55 (Rainy Night, 64 GB)",4.4,5649.0,384.0,6.0,64.0,1.0,6.72,64.0,5000.0,11999.0
33,"realme C55 (Rainy Night, 128 GB)",4.4,6531.0,387.0,8.0,128.0,1.0,6.72,64.0,5000.0,13999.0
34,"REDMI 10 (Caribbean Green, 128 GB)",4.2,31560.0,2150.0,6.0,128.0,1.0,6.7,50.0,6000.0,10999.0
35,"POCO C55 (Cool Blue, 64 GB)",4.2,13304.0,681.0,4.0,64.0,1.0,6.71,50.0,5000.0,8499.0
36,"Infinix HOT 30i (Diamond White, 128 GB)",4.2,9814.0,677.0,8.0,128.0,1.0,6.6,50.0,5000.0,9299.0
37,"POCO C55 (Forest Green, 128 GB)",4.2,8947.0,456.0,6.0,128.0,1.0,6.71,50.0,5000.0,9499.0
38,"MOTOROLA e13 (Cosmic Black, 64 GB)",4.0,16560.0,1412.0,4.0,64.0,1.0,6.5,13.0,5000.0,7499.0
39,"POCO C51 (Power Black, 64 GB)",4.4,5431.0,145.0,4.0,64.0,1.0,6.52,8.0,5000.0,7249.0
40,"MOTOROLA G32 (Mineral Gray, 128 GB)",4.1,9683.0,799.0,8.0,128.0,,6.55,50.0,5000.0,11999.0
41,"REDMI 10 (Shadow Black, 64 GB)",4.3,222897.0,13810.0,4.0,64.0,1.0,6.7,50.0,6000.0,9499.0
42,"POCO C50 (Country Green, 32 GB)",4.1,8423.0,521.0,3.0,32.0,512.0,6.52,8.0,5000.0,6499.0
43,"MOTOROLA g72 (Polar Blue, 128 GB)",4.1,14720.0,1935.0,6.0,128.0,1.0,6.55,108.0,5000.0,14999.0
44,"SAMSUNG Galaxy F14 5G (B.A.E. Purple, 128 GB)",4.3,7263.0,534.0,6.0,128.0,1.0,6.6,50.0,6000.0,15490.0
45,"SAMSUNG Galaxy F14 5G (GOAT Green, 128 GB)",4.2,3543.0,277.0,4.0,128.0,1.0,6.6,50.0,6000.0,14490.0
46,"realme C30 (Denim Black, 32 GB)",4.2,101353.0,5430.0,2.0,32.0,1.0,6.5,8.0,5000.0,5999.0
47,"realme C30 (Bamboo Green, 32 GB)",4.1,49406.0,3077.0,3.0,32.0,1.0,6.5,8.0,5000.0,6499.0
48,Nokia 105 SS,4.2,19146.0,1424.0,32.0,32.0,,1.77,0.0,800.0,1299.0
49,Cellecor X3,3.2,90.0,2.0,32.0,32.0,32.0,1.8,0.3,1000.0,1105.0
50,"realme C30 (Lake Blue, 32 GB)",4.1,49406.0,3077.0,3.0,32.0,1.0,6.5,8.0,5000.0,6499.0
51,"REDMI 9 Activ (Coral Green, 128 GB)",4.2,5544.0,357.0,6.0,128.0,512.0,6.53,13.0,5000.0,9499.0
52,"REDMI A1+ (Light Green, 32 GB)",4.2,2806.0,105.0,2.0,32.0,512.0,6.52,8.0,5000.0,6299.0
53,"REDMI A1+ (Black, 32 GB)",4.2,2806.0,105.0,2.0,32.0,512.0,6.52,8.0,5000.0,6299.0
54,"POCO M5 (Icy Blue, 128 GB)",4.2,2376.0,152.0,6.0,128.0,512.0,6.58,50.0,5000.0,10999.0
55,"APPLE iPhone 14 (Starlight, 128 GB)",4.6,32424.0,1255.0,128.0,,,6.1,12.0,,71999.0
56,"MOTOROLA g13 (Lavender Blue, 128 GB)",4.0,10026.0,989.0,4.0,128.0,1.0,6.5,50.0,5000.0,9999.0
57,"REDMI 10 (Midnight Black, 128 GB)",4.2,31560.0,2150.0,6.0,128.0,1.0,6.7,50.0,6000.0,10999.0
58,"realme C55 (Rainforest, 128 GB)",4.4,6531.0,387.0,8.0,128.0,1.0,6.72,64.0,5000.0,13999.0
59,"realme C55 (Rainforest, 64 GB)",4.4,5649.0,384.0,6.0,64.0,1.0,6.72,64.0,5000.0,11999.0
60,"Infinix Smart 7 HD (Green Apple, 64 GB)",4.5,1304.0,68.0,2.0,64.0,1.0,6.6,8.0,5000.0,6199.0
61,"realme C33 (Night Sea, 64 GB)",4.4,68129.0,2945.0,4.0,64.0,1.0,6.5,50.0,5000.0,9999.0
62,"APPLE iPhone 13 (Starlight, 128 GB)",4.7,215450.0,11316.0,128.0,,,6.1,12.0,,61999.0
63,"realme C33 2023 (Night Sea, 128 GB)",4.5,6542.0,184.0,4.0,128.0,1.0,6.5,50.0,5000.0,10499.0
64,"POCO X5 Pro 5G (Astral Black, 256 GB)",4.3,5703.0,616.0,8.0,256.0,,6.67,108.0,5000.0,24999.0
65,"MOTOROLA g13 (Matte Charcoal, 64 GB)",4.0,10026.0,989.0,4.0,64.0,1.0,6.5,50.0,5000.0,9499.0
66,"POCO X5 Pro 5G (Horizon Blue, 256 GB)",4.3,5703.0,616.0,8.0,256.0,,6.67,108.0,5000.0,24999.0
67,"REDMI 10 (Sunrise Orange, 64 GB)",4.3,222897.0,13810.0,4.0,64.0,1.0,6.7,50.0,6000.0,9499.0
68,"MOTOROLA e32 (Arctic Blue, 64 GB)",3.9,2657.0,212.0,4.0,64.0,1.0,6.5,50.0,5000.0,8999.0
69,"POCO M4 Pro 5G (Yellow, 128 GB)",4.2,19409.0,1509.0,8.0,128.0,1.0,6.6,50.0,5000.0,15999.0
70,"MOTOROLA g73 5G (Midnight Blue, 128 GB)",3.9,7888.0,1171.0,8.0,128.0,1.0,6.5,50.0,5000.0,16999.0
71,SAMSUNG Guru Music 2,4.3,204014.0,18725.0,,,,2.0,800.0,0.0,2069.0
72,"MOTOROLA g72 (Meteorite Grey, 128 GB)",4.1,14720.0,1935.0,6.0,128.0,1.0,6.55,108.0,5000.0,14999.0
73,"SAMSUNG Galaxy F13 (Waterfall Blue, 128 GB)",4.4,143136.0,8223.0,4.0,128.0,1.0,6.6,50.0,6000.0,11999.0
74,"POCO X5 5G (Wildcat Blue, 128 GB)",4.2,3210.0,243.0,6.0,128.0,1.0,6.67,48.0,5000.0,15999.0
75,"MOTOROLA G62 5G (Midnight Gray, 128 GB)",4.2,27592.0,2553.0,6.0,128.0,,6.55,50.0,5000.0,15999.0
76,"POCO M4 Pro (Cool Blue, 128 GB)",4.3,18641.0,1527.0,8.0,128.0,1.0,6.43,64.0,5000.0,14499.0
77,"Infinix NOTE 12i (Force Black, 64 GB)",4.2,4704.0,513.0,4.0,64.0,512.0,6.7,50.0,5000.0,9999.0
78,"Infinix NOTE 12i (Metaverse Blue, 64 GB)",4.2,4704.0,513.0,4.0,64.0,512.0,6.7,50.0,5000.0,9999.0
79,"REDMI Note 12 (Ice Blue, 64 GB)",4.1,2911.0,249.0,6.0,64.0,1.0,6.67,50.0,5000.0,14999.0
80,"realme C33 (Aqua Blue, 64 GB)",4.4,68129.0,2945.0,4.0,64.0,1.0,6.5,50.0,5000.0,9999.0
81,"realme C33 (Sandy Gold, 64 GB)",4.4,68129.0,2945.0,4.0,64.0,1.0,6.5,50.0,5000.0,9999.0
82,"realme C33 (Night Sea, 32 GB)",4.4,23366.0,969.0,3.0,32.0,1.0,6.5,50.0,5000.0,8999.0
83,"SAMSUNG Galaxy F13 (Nightsky Green, 64 GB)",4.4,143136.0,8223.0,4.0,64.0,1.0,6.6,50.0,6000.0,10999.0
84,"vivo T2 5G (Velocity Wave, 128 GB)",4.5,1951.0,119.0,8.0,128.0,,6.38,64.0,4500.0,20999.0
85,"MOTOROLA G62 5G (Frosted Blue, 128 GB)",4.2,27592.0,2553.0,6.0,128.0,,6.55,50.0,5000.0,15999.0
86,SAMSUNG Guru Music 2 SM-B315E,4.2,9748.0,688.0,,,16.0,2.0,0.0,800.0,2069.0
87,"realme 10 Pro 5G (Nebula Blue, 128 GB)",4.4,12034.0,865.0,8.0,128.0,1.0,6.72,108.0,5000.0,19999.0
88,"POCO X5 5G (Supernova Green, 128 GB)",4.2,3210.0,243.0,6.0,128.0,1.0,6.67,48.0,5000.0,15999.0
89,itel MagicX Pro (4G Hotspot),3.9,1086.0,135.0,64.0,128.0,,2.4,0.3,2500.0,2398.0
90,"I Kall King Talking, Contact icon and Auto Call Recording",3.6,16954.0,1520.0,32.0,32.0,,1.8,0.3,1500.0,714.0
91,"realme 10 Pro 5G (Hyperspace, 128 GB)",4.4,18711.0,1389.0,6.0,128.0,1.0,6.72,108.0,5000.0,18999.0
92,"realme 10 Pro 5G (Dark Matter, 128 GB)",4.4,12034.0,865.0,8.0,128.0,1.0,6.72,108.0,5000.0,19999.0
93,"SAMSUNG Galaxy F23 5G (Copper Blush, 128 GB)",4.3,184803.0,14340.0,6.0,128.0,1.0,6.6,50.0,5000.0,16999.0
94,"Google Pixel 6a (Charcoal, 128 GB)",4.3,40794.0,4931.0,6.0,128.0,,6.14,12.2,4410.0,28999.0
95,"SAMSUNG Galaxy F13 (Sunrise Copper, 64 GB)",4.4,143136.0,8223.0,4.0,64.0,1.0,6.6,50.0,6000.0,10999.0
96,"Google Pixel 6a (Chalk, 128 GB)",4.3,40794.0,4931.0,6.0,128.0,,6.14,12.2,4410.0,28999.0
97,"REDMI A1 (Black, 32 GB)",4.2,6801.0,343.0,2.0,32.0,,6.52,5.0,5000.0,6179.0
98,"SAMSUNG Galaxy F04 (Jade Purple, 64 GB)",4.3,15803.0,749.0,4.0,64.0,1.0,6.5,13.0,5000.0,8499.0
99,"REDMI A1 (Light Green, 32 GB)",4.2,6801.0,343.0,2.0,32.0,,6.52,5.0,5000.0,6179.0
100,"SAMSUNG Galaxy F23 5G (Forest Green, 128 GB)",4.3,184803.0,14340.0,6.0,128.0,1.0,6.6,50.0,5000.0,16999.0
101,Kechaoda K112,4.0,21168.0,2196.0,32.0,64.0,32.0,2.4,0.3,3600.0,1549.0
102,Micromax J22,3.9,812.0,50.0,32.0,32.0,,2.4,1000.0,1.0,1131.0
103,"Infinix HOT 20 5G (Blaster Green, 64 GB)",4.2,7806.0,614.0,4.0,64.0,1.0,6.6,50.0,5000.0,11499.0
104,"POCO M4 5G (Cool Blue, 64 GB)",4.2,70983.0,5055.0,4.0,64.0,512.0,6.58,50.0,5000.0,12999.0
105,"OnePlus Nord CE 2 Lite 5G (Blue Tide, 128 GB)",4.4,61937.0,4492.0,6.0,128.0,,6.59,64.0,5000.0,19029.0
106,"Infinix HOT 20 5G (Space Blue, 64 GB)",4.2,7806.0,614.0,4.0,64.0,1.0,6.6,50.0,5000.0,11499.0
107,"Infinix Smart 6 HD (Aqua Sky, 32 GB)",4.3,31181.0,1759.0,2.0,32.0,512.0,6.6,8.0,5000.0,5999.0
108,"Infinix Smart 6 HD (Force Black, 32 GB)",4.3,31181.0,1759.0,2.0,32.0,512.0,6.6,8.0,5000.0,5999.0
109,"Infinix Smart 6 HD (Origin Blue, 32 GB)",4.3,31181.0,1759.0,2.0,32.0,512.0,6.6,8.0,5000.0,5999.0
110,"REDMI 10 Power (Sporty Orange, 128 GB)",4.2,2679.0,145.0,8.0,128.0,,6.7,50.0,6000.0,11999.0
111,"Infinix HOT 20 Play (Luna Blue, 64 GB)",4.4,20887.0,1100.0,4.0,64.0,256.0,6.82,13.0,6000.0,8199.0
112,GFive U707,3.6,12023.0,1121.0,32.0,64.0,16.0,1.8,0.3,950.0,749.0
113,"Infinix HOT 20 Play (Racing Black, 64 GB)",4.4,20887.0,1100.0,4.0,64.0,256.0,6.82,13.0,6000.0,8199.0
114,"Infinix HOT 20 Play (Aurora Green, 64 GB)",4.4,20887.0,1100.0,4.0,64.0,256.0,6.82,13.0,6000.0,8199.0
115,itel It2171,4.1,5189.0,424.0,32.0,32.0,,1.8,0.3,1000.0,999.0
116,"OnePlus Nord CE 2 Lite 5G (Black Dusk, 128 GB)",4.4,61937.0,4492.0,6.0,128.0,,6.59,64.0,5000.0,18730.0
117,"MOTOROLA e22s (Eco Black, 64 GB)",3.7,177.0,13.0,4.0,64.0,1.0,6.5,16.0,5000.0,8448.0
118,LAVA GEM,4.2,30648.0,3245.0,0.0,,32.0,2.8,1.3,1750.0,1658.0
119,"Infinix HOT 20 Play (Fantasy Purple, 64 GB)",4.4,20887.0,1100.0,4.0,64.0,256.0,6.82,13.0,6000.0,8199.0
120,LAVA A3,4.2,28082.0,2849.0,4.0,3.0,32.0,1.77,0.3,1750.0,1299.0
121,"POCO F1 (Steel Blue, 128 GB)",4.5,244223.0,30020.0,6.0,128.0,256.0,6.18,12.0,4000.0,12989.0
122,"APPLE iPhone 13 (Midnight, 128 GB)",4.7,215450.0,11316.0,128.0,,,6.1,12.0,,61999.0
123,"POCO X5 5G (Supernova Green, 256 GB)",4.1,1409.0,100.0,8.0,256.0,1.0,6.67,48.0,5000.0,17999.0
124,Micromax X512,4.0,555.0,33.0,30.0,24.0,,1.77,1750.0,1.0,1092.0
125,"POCO F5 5G (Carbon Black, 256 GB)",,1682.2269624573378,24052.549488054607,12.0,256.0,,6.67,64.0,5000.0,33999.0
126,"POCO M4 Pro (Yellow, 128 GB)",4.3,18641.0,1527.0,8.0,128.0,1.0,6.43,64.0,5000.0,14499.0
127,"REDMI Note 12 Pro 5G (Glacier Blue, 128 GB)",4.3,18497.0,1873.0,6.0,128.0,,6.67,50.0,5000.0,24999.0
128,"realme Narzo 50 (Speed Black, 64 GB)",4.4,17161.0,1102.0,4.0,64.0,256.0,6.6,50.0,5000.0,12779.0
129,"REDMI Note 12 Pro 5G (Stardust Purple, 128 GB)",4.3,18497.0,1873.0,6.0,128.0,,6.67,50.0,5000.0,24999.0
130,"MOTOROLA e40 (Carbon Gray, 64 GB)",4.2,80570.0,7406.0,4.0,64.0,1.0,6.5,48.0,5000.0,8999.0
131,"REDMI Note 12 (Lunar Black, 64 GB)",4.1,2911.0,249.0,6.0,64.0,1.0,6.67,50.0,5000.0,14999.0
132,"APPLE iPhone 14 (Midnight, 128 GB)",4.6,32424.0,1255.0,128.0,,,6.1,12.0,,71999.0
133,"POCO M5 (Yellow, 128 GB)",4.2,2376.0,152.0,6.0,128.0,512.0,6.58,50.0,5000.0,10999.0
134,"MOTOROLA e32 (Eco Black, 64 GB)",3.9,2657.0,212.0,4.0,64.0,1.0,6.5,50.0,5000.0,8999.0
135,"realme Narzo 50 (Speed Blue, 128 GB)",4.3,9380.0,666.0,6.0,128.0,256.0,6.6,50.0,5000.0,12999.0
136,"REDMI 11 Prime (Playful Green, 64 GB)",4.5,863.0,30.0,4.0,64.0,512.0,6.58,50.0,5000.0,9999.0
137,"Realme C30 - Locked with Airtel Prepaid (Denim Black, 32 GB)",4.2,101353.0,5430.0,2.0,32.0,1.0,6.5,8.0,5000.0,5549.0
138,"REDMI 10A (Sea Blue, 64 GB)",4.2,10980.0,596.0,4.0,64.0,,6.53,13.0,5000.0,8668.0
139,"REDMI 10A (Sea Blue, 32 GB)",4.1,2371.0,150.0,3.0,32.0,,6.53,13.0,5000.0,8490.0
140,"REDMI 10A (Slate Grey, 32 GB)",4.1,2371.0,150.0,3.0,32.0,,6.53,13.0,5000.0,8795.0
141,"REDMI 10A (Slate grey, 64 GB)",4.2,10980.0,596.0,4.0,64.0,,6.53,13.0,5000.0,8642.0
142,Cellecor R50,4.0,77.0,7.0,32.0,32.0,32.0,2.4,0.8,2750.0,1456.0
143,Micromax X415,3.9,1354.0,90.0,56.0,36.0,,1.77,0.03,1000.0,979.0
144,"realme Narzo 50 (Speed Black, 128 GB)",4.3,9380.0,666.0,6.0,128.0,256.0,6.6,50.0,5000.0,12999.0
145,"SAMSUNG Galaxy A03 Core (Onyx, 32 GB)",4.1,3341.0,278.0,2.0,32.0,,6.5,8.0,5000.0,6363.0
146,"POCO C31 (Royal Blue, 32 GB)",4.3,143585.0,9013.0,3.0,32.0,512.0,6.53,13.0,5000.0,8499.0
147,GFive U873,3.6,9323.0,800.0,32.0,32.0,16.0,1.8,0.3,1000.0,749.0
148,"realme 10 Pro+ 5G (Nebula Blue, 128 GB)",4.5,11323.0,1077.0,8.0,128.0,,6.7,108.0,5000.0,25999.0
149,Nokia 105 ss,4.3,79081.0,7292.0,4.0,4.0,,1.8,800.0,1.0,1465.0
150,"APPLE iPhone 14 (Purple, 128 GB)",4.6,32424.0,1255.0,128.0,,,6.1,12.0,,71999.0
151,Kechaoda A26,4.1,15655.0,1072.0,32.0,32.0,16.0,0.66,800.0,1.0,999.0
152,"REDMI Note 12 (Lunar Black, 128 GB)",4.1,2911.0,249.0,6.0,128.0,1.0,6.67,50.0,5000.0,16999.0
153,LAVA Hero 600i,4.1,571.0,37.0,4.0,3.0,32.0,1.8,620.0,1.0,899.0
154,Micromax X412,3.9,15835.0,1336.0,32.0,32.0,,1.77,800.0,12.0,921.0
155,"POCO X5 Pro 5G (Yellow, 256 GB)",4.3,5703.0,616.0,8.0,256.0,,6.67,108.0,5000.0,24999.0
156,"POCO F5 5G (Snowstorm White, 256 GB)",,1682.2269624573378,24052.549488054607,12.0,256.0,,6.67,64.0,5000.0,33999.0
157,"REDMI 11 Prime (Peppy Purple, 64 GB)",4.5,863.0,30.0,4.0,64.0,512.0,6.58,50.0,5000.0,9999.0
158,"realme 10 (Clash White, 128 GB)",4.3,2902.0,181.0,8.0,128.0,1.0,6.4,50.0,5000.0,16999.0
159,"realme 10 Pro+ 5G (Dark Matter, 128 GB)",4.4,20460.0,1840.0,6.0,128.0,,6.7,108.0,5000.0,24999.0
160,"realme 10 Pro+ 5G (Hyperspace, 128 GB)",4.5,11323.0,1077.0,8.0,128.0,,6.7,108.0,5000.0,25999.0
161,"realme 10 Pro+ 5G (Nebula Blue, 256 GB)",4.5,11323.0,1077.0,8.0,256.0,,6.7,108.0,5000.0,27999.0
162,"REDMI 11 Prime (Flashy Black, 64 GB)",4.5,863.0,30.0,4.0,64.0,512.0,6.58,50.0,5000.0,9999.0
163,"REDMI Note 12 (Sunrise Gold, 128 GB)",4.1,2911.0,249.0,6.0,128.0,1.0,6.67,50.0,5000.0,16999.0
164,itel Muzik 400,4.2,3308.0,353.0,4.0,4.0,32.0,2.4,0.3,3000.0,1615.0
165,"Infinix Smart 7 HD (Silk Blue, 64 GB)",4.5,1304.0,68.0,2.0,64.0,1.0,6.6,8.0,5000.0,6199.0
166,"Infinix Smart 7 HD (Ink Black, 64 GB)",4.5,1304.0,68.0,2.0,64.0,1.0,6.6,8.0,5000.0,6199.0
167,"vivo T1 44W (Midnight Galaxy, 128 GB)",4.4,59039.0,4123.0,6.0,128.0,1.0,6.44,50.0,5000.0,15999.0
168,"vivo T1 44W (Starry Sky, 128 GB)",4.4,59039.0,4123.0,6.0,128.0,1.0,6.44,50.0,5000.0,15999.0
169,LAVA A1 Josh 2021,4.1,8230.0,684.0,0.0,,32.0,1.77,800.0,1.0,1115.0
170,Micromax X818,3.9,2999.0,236.0,32.0,32.0,,2.8,0.3,1450.0,1540.0
171,Kechaoda A27,4.0,7319.0,544.0,32.0,32.0,16.0,0.66,800.0,1.0,999.0
172,"MOTOROLA e13 (Creamy White, 64 GB)",4.0,2341.0,213.0,2.0,64.0,1.0,6.5,13.0,5000.0,6999.0
173,itel Ace 2,4.0,955.0,85.0,4.0,4.0,32.0,1.8,0.0,1000.0,899.0
174,"POCO M4 5G (Yellow, 128 GB)",4.2,36976.0,2709.0,6.0,128.0,512.0,6.58,50.0,5000.0,14999.0
175,"APPLE iPhone 13 (Pink, 128 GB)",4.7,215450.0,11316.0,128.0,,,6.1,12.0,,62999.0
176,"SAMSUNG Galaxy S20 FE 5G (Cloud Mint, 128 GB)",4.2,526.0,40.0,8.0,128.0,,6.5,12.0,4500.0,27728.0
177,Snexian GURU 312,3.4,2305.0,178.0,32.0,32.0,16.0,1.8,0.3,800.0,699.0
178,LAVA A1,4.2,108610.0,11465.0,24.0,24.0,32.0,1.77,0.3,800.0,1159.0
179,"POCO X5 5G (Jaguar Black, 128 GB)",4.2,3210.0,243.0,6.0,128.0,1.0,6.67,48.0,5000.0,15999.0
180,"realme 9i 5G (Soulful Blue, 128 GB)",4.3,7523.0,520.0,6.0,128.0,1.0,6.6,50.0,5000.0,16999.0
181,"Infinix Hot 20 5G (Blaster Green, 128 GB)",4.1,4191.0,383.0,6.0,128.0,1.0,6.6,50.0,5000.0,13499.0
182,"realme 9i 5G (Rocking Black, 64 GB)",4.5,46346.0,2256.0,4.0,64.0,1.0,6.6,50.0,5000.0,14999.0
183,"Infinix Hot 20 5G (Space Blue, 128 GB)",4.1,4191.0,383.0,6.0,128.0,1.0,6.6,50.0,5000.0,13499.0
184,"realme 10 (Rush Black, 64 GB)",4.3,8123.0,585.0,4.0,64.0,1.0,6.4,50.0,5000.0,13999.0
185,"realme C20 (Cool Grey, 32 GB)",4.4,299013.0,14145.0,2.0,32.0,256.0,6.5,8.0,5000.0,7499.0
186,"vivo V27 5G (Noble Black, 128 GB)",4.4,9430.0,1239.0,8.0,128.0,,6.78,50.0,4600.0,32999.0
187,"realme 10 (Clash White, 64 GB)",4.3,8123.0,585.0,4.0,64.0,1.0,6.4,50.0,5000.0,13999.0
188,Micromax X513+,3.8,1917.0,127.0,32.0,32.0,,1.77,0.3,1750.0,1073.0
189,Nokia TA-1174 / TA-1299,4.2,55603.0,5184.0,4.0,4.0,,1.8,800.0,1.0,1550.0
190,"Infinix Note 12 Pro 5G (Snowfall, 128 GB)",4.1,24863.0,2928.0,8.0,128.0,2.0,6.7,108.0,5000.0,16999.0
191,"Infinix Note 12 Pro 5G (Force Black, 128 GB)",4.1,24863.0,2928.0,8.0,128.0,2.0,6.7,108.0,5000.0,16999.0
192,I Kall K3310,3.6,62551.0,7265.0,32.0,32.0,,1.77,0.3,1000.0,744.0
193,"realme 9i 5G (Rocking Black, 128 GB)",4.3,7523.0,520.0,6.0,128.0,1.0,6.6,50.0,5000.0,16999.0
194,"REDMI 11 Prime 5G (Thunder Black, 128 GB)",4.2,779.0,42.0,6.0,128.0,,6.58,5.0,5000.0,15444.0
195,"REDMI 11 Prime 5G (Meadow Green, 128 GB)",4.2,779.0,42.0,6.0,128.0,,6.58,5.0,5000.0,15978.0
196,"Realme C30 - Locked with Airtel Prepaid (Bamboo Green, 32 GB)",4.2,101353.0,5430.0,2.0,32.0,1.0,6.5,8.0,5000.0,5549.0
197,"realme 10 (Rush Black, 128 GB)",4.3,2902.0,181.0,8.0,128.0,1.0,6.4,50.0,5000.0,16999.0
198,"SAMSUNG GALAXY M13 (Aqua Green, 64 GB)",4.2,3181.0,191.0,4.0,64.0,,6.6,50.0,6000.0,10699.0
199,"REDMI 11 Prime (Flashy Black, 128 GB)",4.3,193.0,8.0,6.0,128.0,512.0,6.58,50.0,5000.0,11999.0
200,LAVA A1 2021,4.1,4584.0,377.0,32.0,24.0,32.0,1.77,0.3,800.0,1159.0
201,Nokia 150 DS 2020,4.1,22825.0,1743.0,4.0,4.0,32.0,2.4,0.3,1020.0,2775.0
202,"realme 9i 5G (Soulful Blue, 64 GB)",4.5,46346.0,2256.0,4.0,64.0,1.0,6.6,50.0,5000.0,14999.0
203,"REDMI Note 12 (Sunrise Gold, 64 GB)",4.1,2911.0,249.0,6.0,64.0,1.0,6.67,50.0,5000.0,14999.0
204,"SAMSUNG Galaxy M53 5G (Deep Ocean Blue, 128 GB)",3.9,265.0,30.0,8.0,128.0,,6.7,108.0,5000.0,23978.0
205,KARBONN Jumbo K9,4.0,13150.0,1307.0,,,8.0,2.6,1.3,1800.0,1369.0
206,"OnePlus 11R 5G (Galactic Silver, 128 GB)",4.5,1209.0,128.0,8.0,128.0,,6.7,50.0,5000.0,38999.0
207,"POCO X4 Pro 5G (Laser Blue, 64 GB)",4.2,82937.0,8178.0,6.0,64.0,1.0,6.67,64.0,5000.0,16499.0
208,"REDMI 11 Prime 5G (Chrome Silver, 128 GB)",4.2,779.0,42.0,6.0,128.0,,6.58,5.0,5000.0,15245.0
209,"realme 9i 5G (Metallica Gold, 128 GB)",4.3,7523.0,520.0,6.0,128.0,1.0,6.6,50.0,5000.0,16999.0
210,"OPPO A17 (Lake Blue, 64 GB)",4.4,5305.0,207.0,4.0,64.0,2.0,6.56,50.0,5000.0,12499.0
211,"realme 9i 5G (Metallica Gold, 64 GB)",4.5,46346.0,2256.0,4.0,64.0,1.0,6.6,50.0,5000.0,14999.0
212,"Infinix Zero 5G 2023 (Submariner Black, 128 GB)",4.1,1953.0,215.0,8.0,128.0,256.0,6.78,50.0,5000.0,15999.0
213,Micromax S114,3.9,37.0,1.0,32.0,64.0,,1.77,0.08,1000.0,988.0
214,"REDMI Note 12 Pro 5G (Stardust Purple, 256 GB)",4.2,7884.0,788.0,8.0,256.0,,6.67,50.0,5000.0,27999.0
215,Micromax X778,3.9,2882.0,283.0,32.0,32.0,,2.4,0.3,2700.0,1472.0
216,"vivo V27 5G (Magic Blue, 128 GB)",4.4,9430.0,1239.0,8.0,128.0,,6.78,50.0,4600.0,32999.0
217,"SAMSUNG Galaxy M33 5G (Emarld Brown, 128 GB)",4.2,9641.0,737.0,6.0,128.0,,6.6,50.0,6000.0,16796.0
218,"OPPO A17 (Midnight Black, 64 GB)",4.4,5305.0,207.0,4.0,64.0,2.0,6.56,50.0,5000.0,12499.0
219,"Infinix Zero 5G 2023 (Pearly White, 128 GB)",4.1,1953.0,215.0,8.0,128.0,256.0,6.78,50.0,5000.0,15999.0
220,"MOTOROLA Edge 30 (Meteor Grey, 128 GB)",4.1,5587.0,743.0,8.0,128.0,,6.55,50.0,4020.0,24999.0
221,"REDMI 12C (Mint Green, 64 GB)",4.2,192.0,14.0,4.0,64.0,,6.71,50.0,5000.0,9019.0
222,"SAMSUNG Galaxy S21 FE 5G (White, 128 GB)",4.3,49978.0,4819.0,8.0,128.0,,6.4,12.0,4500.0,39999.0
223,"POCO X5 5G (Wildcat Blue, 256 GB)",4.1,1409.0,100.0,8.0,256.0,1.0,6.67,48.0,5000.0,17999.0
224,"itel A23S (Sky Black, 32 GB)",3.6,203.0,14.0,2.0,32.0,,5.0,2.0,3020.0,4649.0
225,Nokia 105 PLUS SS,4.1,310.0,24.0,4.0,4.0,,1.77,1000.0,1.0,1400.0
226,"Infinix Zero 5G 2023 (Coral Orange, 128 GB)",4.1,1953.0,215.0,8.0,128.0,256.0,6.78,50.0,5000.0,15999.0
227,"SAMSUNG Galaxy M53 5G (Mystique Green, 128 GB)",3.9,265.0,30.0,8.0,128.0,,6.7,108.0,5000.0,24199.0
228,"REDMI Note 12 Pro+ 5G (Arctic White, 256 GB)",4.3,9367.0,1034.0,8.0,256.0,,6.67,200.0,4980.0,29999.0
229,Micromax X708,3.9,2756.0,192.0,32.0,32.0,,2.4,0.3,1450.0,1338.0
230,"OPPO A17 (Sunlight Orange, 64 GB)",4.4,5305.0,207.0,4.0,64.0,2.0,6.56,50.0,5000.0,12499.0
231,"realme C35 (Glowing Black, 64 GB)",4.4,184019.0,10265.0,4.0,64.0,1.0,6.6,50.0,5000.0,10999.0
232,"POCO X5 Pro 5G (Horizon Blue, 128 GB)",4.4,5901.0,674.0,6.0,128.0,,6.67,108.0,5000.0,22999.0
233,Nokia 105SS PLUS,4.1,1769.0,110.0,32.0,32.0,,1.77,0.0,1000.0,1499.0
234,itel it2163s,3.4,12.0,1.0,32.0,32.0,,1.8,0.3,1200.0,999.0
235,"OnePlus Nord 2T 5G (Jade Fog, 128 GB)",4.3,7216.0,632.0,8.0,128.0,,6.7,50.0,4500.0,28289.0
236,itel it2175,4.0,533.0,47.0,4.0,4.0,32.0,1.8,0.3,1200.0,1095.0
237,DIZO Star 500,4.0,13478.0,1542.0,32.0,32.0,64.0,2.8,0.3,1900.0,1749.0
238,"REDMI Note 12 Pro 5G (Onyx Black, 128 GB)",4.3,18497.0,1873.0,6.0,128.0,,6.67,50.0,5000.0,24999.0
239,Snexian Guru 106,3.4,3047.0,233.0,32.0,32.0,,177.0,1.0,850.0,699.0
240,"Google Pixel 7a (Charcoal, 128 GB)",4.3,38.0,11.0,8.0,128.0,,6.1,64.0,4300.0,43999.0
241,"Google Pixel 7a (Snow, 128 GB)",4.3,38.0,11.0,8.0,128.0,,6.1,64.0,4300.0,43999.0
242,"SAMSUNG Galaxy S21 FE 5G (Lavender, 128 GB)",4.3,49978.0,4819.0,8.0,128.0,,6.4,12.0,4500.0,39999.0
243,"vivo T1 44W (Ice Dawn, 128 GB)",4.4,59039.0,4123.0,6.0,128.0,1.0,6.44,50.0,5000.0,19499.0
244,"realme C30s (Stripe Blue, 32 GB)",4.4,5700.0,195.0,2.0,32.0,1.0,6.5,8.0,5000.0,6999.0
245,"SAMSUNG Galaxy A03 Core (Bronze, 32 GB)",4.1,3341.0,278.0,2.0,32.0,1.0,6.5,8.0,5000.0,6560.0
246,"realme C30s (Stripe Black, 32 GB)",4.4,5700.0,195.0,2.0,32.0,1.0,6.5,8.0,5000.0,6999.0
247,"SAMSUNG M53 5G (Mystique Green, 128 GB)",4.1,665.0,70.0,6.0,128.0,,6.7,108.0,5000.0,22889.0
248,"realme C35 (Glowing Black, 128 GB)",4.4,184019.0,10265.0,4.0,128.0,1.0,6.6,50.0,5000.0,11999.0
249,"REDMI Note 11 (Horizon Blue, 64 GB)",4.2,1730.0,129.0,4.0,64.0,,6.43,50.0,5000.0,12785.0
250,"REDMI 11 Prime (Playful Green, 128 GB)",4.3,193.0,8.0,6.0,128.0,512.0,6.58,50.0,5000.0,11999.0
251,"OPPO A17k (Blue, 64 GB)",4.5,4131.0,104.0,3.0,64.0,2.0,6.56,8.0,5000.0,9499.0
252,"Google Pixel 7a (Sea, 128 GB)",4.3,38.0,11.0,8.0,128.0,,6.1,64.0,4300.0,43999.0
253,"Infinix Hot 20 5G (Racing Black, 128 GB)",4.1,4191.0,383.0,6.0,128.0,1.0,6.6,50.0,5000.0,13499.0
254,"SAMSUNG Galaxy M33 5G (Mystique Green, 128 GB)",4.2,1984.0,149.0,8.0,128.0,,6.6,50.0,6000.0,18401.0
255,"IQOO Z6 44W (Raven Black, 128 GB)",4.2,1742.0,147.0,4.0,128.0,,6.44,50.0,5000.0,14999.0
256,"I Kall Z19 Pro-Gold (Beige, 64 GB)",,1682.2269624573378,24052.549488054607,4.0,64.0,,6.5,13.0,5000.0,7999.0
257,"SAMSUNG Galaxy M04 (Dark Blue, 128 GB)",4.1,1628.0,104.0,4.0,128.0,,6.5,13.0,5000.0,9118.0
258,Good One 5026,3.9,1195.0,257.0,32.0,32.0,32.0,1.8,2.0,2500.0,1099.0
259,"SAMSUNG Galaxy M33 5G (Deep Ocean Blue, 128 GB)",4.2,1984.0,149.0,8.0,128.0,,6.6,50.0,6000.0,18698.0
260,Micromax S115,3.8,351.0,17.0,32.0,32.0,,1.77,1000.0,1.0,996.0
261,"MOTOROLA e22s (Arctic Blue, 64 GB)",3.7,177.0,13.0,4.0,64.0,1.0,6.5,16.0,5000.0,8999.0
262,"MOTOROLA g22 (Cosmic Black, 64 GB)",3.8,33043.0,3715.0,4.0,64.0,1.0,6.5,50.0,5000.0,10999.0
263,"POCO X4 Pro 5G (Yellow, 64 GB)",4.2,82937.0,8178.0,6.0,64.0,1.0,6.67,64.0,5000.0,16499.0
264,itel MagicX 4G,4.0,377.0,31.0,48.0,128.0,,2.4,0.3,1200.0,2155.0
265,"Infinix Note 12 5G (Force Black, 64 GB)",4.2,18697.0,1996.0,6.0,64.0,2.0,6.7,50.0,5000.0,14999.0
266,"REDMI 11 Prime 5G (Meadow Green, 64 GB)",4.2,2260.0,139.0,4.0,64.0,,6.58,5.0,5000.0,14999.0
267,itel IT5026,4.0,1219.0,120.0,4.0,4.0,32.0,2.4,2.0,1200.0,1305.0
268,itel it5026,4.0,1219.0,120.0,4.0,4.0,,2.4,2.0,1200.0,1305.0
269,"REDMI Note 12 Pro+ 5G (Iceberg Blue, 256 GB)",4.3,9367.0,1034.0,8.0,256.0,,6.67,200.0,4980.0,29999.0
270,"OPPO Reno8T 5G (Sunrise Gold, 128 GB)",4.3,7805.0,687.0,8.0,128.0,1.0,6.7,108.0,4800.0,29999.0
271,Micromax X809,3.8,5232.0,455.0,32.0,32.0,,2.8,1.0,1000.0,1272.0
272,Cellecor E8 Plus,3.7,80.0,2.0,32.0,32.0,,2.4,0.8,2750.0,1303.0
273,"REDMI 12C (Royal Blue, 64 GB)",4.2,192.0,14.0,4.0,64.0,,6.71,50.0,5000.0,9038.0
274,Kechaoda K115,4.1,30272.0,2301.0,32.0,32.0,,1.44,0.3,850.0,1110.0
275,Nokia 5310 TA-1212 DS,4.2,8914.0,637.0,8.0,16.0,32.0,2.4,0.3,1200.0,3800.0
276,itel IT5626,4.0,1520.0,152.0,8.0,8.0,32.0,2.8,0.3,2500.0,1699.0
277,"vivo V23 5G (Stardust Black, 256 GB)",4.3,3044.0,330.0,12.0,256.0,,6.44,64.0,4200.0,27799.0
278,"realme C11 2021 (Cool Blue, 64 GB)",4.3,209352.0,11299.0,4.0,64.0,256.0,6.5,8.0,5000.0,8999.0
279,"SAMSUNG Galaxy M13 (Aqua Green, 128 GB)",4.2,631.0,38.0,6.0,128.0,,6.6,50.0,6000.0,13242.0
280,"SAMSUNG Galaxy S21 FE 5G (Olive Green, 128 GB)",4.3,49978.0,4819.0,8.0,128.0,,6.4,12.0,4500.0,39999.0
281,KARBONN K106s,3.5,36.0,1.0,52.0,32.0,16.0,1.8,0.0,800.0,970.0
282,"realme C11 2021 (Cool Grey, 32 GB)",4.4,236101.0,10225.0,2.0,32.0,256.0,6.5,8.0,5000.0,7499.0
283,"Xiaomi 11i Hypercharge 5G (Stealth Black, 128 GB)",4.2,11778.0,1188.0,6.0,128.0,1.0,6.67,108.0,4500.0,23999.0
284,"realme C11 2021 (Cool Blue, 32 GB)",4.4,236101.0,10225.0,2.0,32.0,256.0,6.5,8.0,5000.0,7499.0
285,"POCO M4 Pro 5G (Cool Blue, 128 GB)",4.2,19409.0,1509.0,8.0,128.0,1.0,6.6,50.0,5000.0,15999.0
286,Nokia 110 4G,3.9,2736.0,266.0,128.0,48.0,,1.8,0.8,1020.0,3205.0
287,"I Kall Z19Pro Flash blue (Flash Blue, 64 GB)",3.5,12.0,24052.549488054607,4.0,64.0,128.0,6.5,13.0,5000.0,7999.0
288,"realme Narzo 50i Prime (Dark Blue, 64 GB)",4.1,247.0,11.0,4.0,64.0,,6.5,8.0,5000.0,8710.0
289,"realme narzo 50i Prime (Mint Green, 32 GB)",4.3,44.0,3.0,3.0,32.0,,6.5,8.0,5000.0,7659.0
290,Micromax X413,4.0,3293.0,268.0,32.0,32.0,,1.77,0.3,800.0,950.0
291,"MOTOROLA Edge 30 (Aurora Green, 128 GB)",4.1,5587.0,743.0,8.0,128.0,,6.55,50.0,4020.0,24999.0
292,"Infinix Smart 5A (Midnight Black, 32 GB)",4.3,79474.0,5389.0,2.0,32.0,256.0,6.52,8.0,5000.0,5699.0
293,"SAMSUNG Galaxy M04 (Light Green, 128 GB)",4.1,1628.0,104.0,4.0,128.0,,6.5,13.0,5000.0,9927.0
294,"REDMI K50i (Quick Silver, 128 GB)",4.1,477.0,40.0,6.0,128.0,,6.6,64.0,5080.0,20990.0
295,"SAMSUNG Galaxy M33 5G (Emerald Brown, 128 GB)",4.2,1984.0,149.0,8.0,128.0,,6.6,50.0,6000.0,18549.0
296,I Kall K100,3.3,6427.0,584.0,32.0,32.0,32.0,1.8,1000.0,1.0,699.0
297,"OPPO Reno8T 5G (Midnight Black, 128 GB)",4.3,7805.0,687.0,8.0,128.0,1.0,6.7,108.0,4800.0,29999.0
298,GFive U220+,3.6,5095.0,553.0,32.0,32.0,,1.8,0.3,1000.0,769.0
299,"REDMI 12C (Lavender Purple, 64 GB)",4.2,192.0,14.0,4.0,64.0,,6.71,50.0,5000.0,9123.0
300,"realme C25s (Watery Grey, 128 GB)",4.4,51247.0,2948.0,4.0,128.0,256.0,6.5,13.0,6000.0,11999.0
301,Snexian Rock,4.0,11957.0,751.0,32.0,32.0,,1.7,0.3,800.0,1399.0
302,"realme Narzo 50i Prime (Dark Blue, 32 GB)",4.3,44.0,3.0,3.0,32.0,,6.5,8.0,5000.0,7695.0
303,"OPPO A78 5G (Glowing Black, 128 GB)",4.4,502.0,21.0,8.0,128.0,,6.56,13.0,5000.0,18400.0
304,"Tecno Pova 3 (Tech Silver, 64 GB)",4.3,975.0,54.0,4.0,64.0,512.0,6.9,50.0,7000.0,10439.0
305,"OPPO A78 5G (Glowing Blue, 128 GB)",4.4,502.0,21.0,8.0,128.0,,6.56,13.0,5000.0,18639.0
306,"vivo Y16 (Steller Black, 64 GB)",4.3,2049.0,121.0,4.0,64.0,1.0,6.51,13.0,5000.0,15999.0
307,"Infinix Smart 5A (Quetzal Cyan, 32 GB)",4.3,79474.0,5389.0,2.0,32.0,256.0,6.52,8.0,5000.0,5699.0
308,"realme Narzo 50i (Mint Green, 64 GB)",4.3,62792.0,3496.0,4.0,64.0,256.0,6.5,8.0,5000.0,8780.0
309,"SAMSUNG Galaxy A34 5G (Awesome Silver, 128 GB)",4.2,358.0,30.0,8.0,128.0,1.0,6.6,48.0,5000.0,30999.0
310,Kechaoda K60,4.1,1339.0,127.0,32.0,32.0,16.0,2.4,0.3,3600.0,1849.0
311,XTOUCH F20,4.0,4.0,24052.549488054607,32.0,56.0,,2.4,1.3,1000.0,1299.0
312,"Nothing Phone (1) (Black, 128 GB)",4.4,64749.0,8143.0,8.0,128.0,,6.55,50.0,4500.0,29999.0
313,SAMSUNG GT-E1215,4.3,54510.0,4545.0,,,,1.5,800.0,0.0,1919.0
314,I Kall K37,3.6,3420.0,269.0,32.0,64.0,8.0,2.4,0.3,1000.0,844.0
315,"APPLE iPhone 11 (White, 128 GB)",4.6,193556.0,11145.0,128.0,,,6.1,12.0,,44999.0
316,"Tecno Pop 5 Pro (Deepsea Luster, 32 GB)",4.2,551.0,42.0,3.0,32.0,256.0,6.52,8.0,6000.0,6990.0
317,Micromax J2,3.8,652.0,41.0,32.0,32.0,,1.77,800.0,,970.0
318,DIZO Star 300,3.9,10051.0,1176.0,32.0,32.0,64.0,1.77,0.3,2550.0,1349.0
319,"Infinix Hot 11S (Silver Wave, 128 GB)",4.3,50248.0,5309.0,4.0,128.0,256.0,6.78,50.0,5000.0,8999.0
320,"POCO C31 (Shadow Gray, 32 GB)",4.3,143585.0,9013.0,3.0,32.0,512.0,6.53,13.0,5000.0,8499.0
321,"SAMSUNG Galaxy A14 5G (Dark Red, 64 GB)",4.1,783.0,53.0,4.0,64.0,1.0,6.6,50.0,5000.0,16499.0
322,"realme C21 (Cross Blue, 64 GB)",4.4,148326.0,7123.0,4.0,64.0,256.0,6.5,13.0,5000.0,10499.0
323,"realme C21 (Cross Blue, 32 GB)",4.4,72073.0,3918.0,3.0,32.0,256.0,6.5,13.0,5000.0,9499.0
324,Eunity Radium,3.4,86.0,4.0,16.0,16.0,16.0,1.77,0.3,1000.0,649.0
325,"OPPO A17k (Gold, 64 GB)",4.5,4131.0,104.0,3.0,64.0,2.0,6.56,8.0,5000.0,9499.0
326,Nokia TA-1304/105 SS,4.2,63536.0,4955.0,4.0,4.0,,1.77,800.0,1.0,1440.0
327,"vivo Y35 (Dawn Gold, 128 GB)",4.4,2728.0,182.0,8.0,128.0,,6.58,50.0,5000.0,17499.0
328,"OPPO A17k (Navy Blue, 64 GB)",4.5,4131.0,104.0,3.0,64.0,2.0,6.56,8.0,5000.0,9499.0
329,"realme C21 (Cross Black, 64 GB)",4.4,148326.0,7123.0,4.0,64.0,256.0,6.5,13.0,5000.0,10499.0
330,"realme C21 (Cross Black, 32 GB)",4.4,72073.0,3918.0,3.0,32.0,256.0,6.5,13.0,5000.0,9499.0
331,"vivo V27 5G (Magic Blue, 256 GB)",4.4,1376.0,173.0,12.0,256.0,,6.78,50.0,4600.0,36999.0
332,"vivo Y35 (Agate Black, 128 GB)",4.4,2728.0,182.0,8.0,128.0,,6.58,50.0,5000.0,17499.0
333,"Tecno Pop 5 Pro (Ice Blue, 32 GB)",4.2,551.0,42.0,3.0,32.0,256.0,6.52,8.0,6000.0,7048.0
334,"APPLE iPhone 11 (Black, 128 GB)",4.6,193556.0,11145.0,128.0,,,6.1,12.0,,44999.0
335,"itel Vision3 (Multi Green, 32 GB)",4.3,414.0,28.0,2.0,32.0,,6.6,8.0,5000.0,6099.0
336,"itel Vision3 (Jewel Blue, 32 GB)",4.3,414.0,28.0,2.0,32.0,,6.6,8.0,5000.0,6099.0
337,"itel Vision3 (Deep Ocean Black, 32 GB)",4.3,414.0,28.0,2.0,32.0,,6.6,8.0,5000.0,6099.0
338,"Tecno Spark Go 2023 (Endless Black, 32+3 GB)",4.6,35.0,4.0,3.0,,,6.56,13.0,5000.0,7498.0
339,"APPLE iPhone 11 (White, 64 GB)",4.6,193556.0,11145.0,64.0,,,6.1,12.0,,40999.0
340,"Tecno Spark Go 2023 (Endless Black, 64 GB)",4.3,12.0,1.0,4.0,64.0,,6.56,13.0,5000.0,8885.0
341,"OPPO A17K (Navy Blue, 64 GB)",4.5,4131.0,104.0,3.0,64.0,2.0,6.56,8.0,5000.0,9499.0
342,"vivo Y16 (Drizzling Gold, 128 GB)",4.3,2049.0,121.0,4.0,128.0,1.0,6.51,13.0,5000.0,13090.0
343,"realme Narzo 50i Prime (Mint Green, 64 GB)",4.1,247.0,11.0,4.0,64.0,,6.5,8.0,5000.0,9324.0
344,"SAMSUNG Galaxy A03 Core (Black, 32 GB)",4.1,3341.0,278.0,2.0,32.0,1.0,6.5,8.0,5000.0,6850.0
345,"itel A60 (VertMenthe, 32 GB)",4.2,60.0,7.0,2.0,32.0,,6.6,8.0,5000.0,5999.0
346,I Kall K29-Pro 4g phone,4.3,8.0,24052.549488054607,48.0,128.0,128.0,2.4,0.3,2500.0,1804.0
347,"MOTOROLA g42 (Atlantic Green, 64 GB)",4.2,6873.0,727.0,4.0,64.0,256.0,6.47,50.0,5000.0,11990.0
348,"SAMSUNG GALAXY M13 (Midnight Blue, 64 GB)",4.2,3181.0,191.0,4.0,64.0,,6.6,50.0,6000.0,10897.0
349,"Infinix Note 12 (Jewel Blue, 128 GB)",4.2,13156.0,1244.0,6.0,128.0,512.0,6.7,50.0,5000.0,12999.0
350,"Tecno Spark Go 2023 (UYUNI BLUE, 32+3 GB)",4.6,35.0,4.0,3.0,,,6.56,13.0,5000.0,7044.0
351,"SAMSUNG Galaxy Z Flip3 5G (Cream, 128 GB)",4.4,3429.0,236.0,8.0,128.0,,6.7,12.0,3300.0,49999.0
352,A10E,4.2,45.0,3.0,4.0,32.0,64.0,1.8,800.0,2.0,1399.0
353,itel Ace2 Star,4.2,322.0,22.0,4.0,4.0,,1.8,1000.0,,925.0
354,"Infinix Note 12 (Force Black, 128 GB)",4.2,13156.0,1244.0,6.0,128.0,512.0,6.7,50.0,5000.0,12999.0
355,"Infinix Note 12 (Force Black, 64 GB)",4.2,26714.0,2616.0,4.0,64.0,512.0,6.7,50.0,5000.0,10999.0
356,"OnePlus 11 5G (Eternal Green, 256 GB)",4.4,265.0,27.0,16.0,256.0,,6.7,50.0,5000.0,60087.0
357,"vivo Y16 (Drizzling Gold, 64 GB)",4.3,2049.0,121.0,4.0,64.0,1.0,6.51,13.0,5000.0,15999.0
358,"IAIR 2G Dual Sim Big Battery Camera, Video Recording, FM GSM Feature Phone",3.7,46.0,9.0,32.0,32.0,32.0,2.4,0.8,2800.0,1599.0
359,"Infinix Note 12 Pro (Volcanic Grey, 256 GB)",4.2,5443.0,565.0,8.0,256.0,2.0,6.7,108.0,5000.0,16999.0
360,I Kall K130,3.5,119.0,5.0,32.0,32.0,,1.8,0.3,1000.0,737.0
361,Kechaoda K33,4.0,8641.0,567.0,32.0,32.0,,1.4,0.3,800.0,1149.0
362,"REDMI 10A (Charcoal Black, 32 GB)",4.1,2371.0,150.0,3.0,32.0,,6.53,13.0,5000.0,10999.0
363,I Kall K29-Pro 4G Phone,4.3,8.0,24052.549488054607,48.0,48.0,,2.4,0.3,2500.0,1899.0
364,GFive U106,3.5,2095.0,172.0,32.0,64.0,16.0,1.8,0.3,950.0,799.0
365,"REDMI Note 12 5G (Mystique Blue, 128 GB)",4.3,402.0,31.0,6.0,128.0,1.0,6.67,48.0,5000.0,18999.0
366,"SAMSUNG Galaxy M53 5G (Emerald Brown, 128 GB)",3.9,265.0,30.0,8.0,128.0,,6.7,108.0,5000.0,24325.0
367,"APPLE iPhone 14 (Yellow, 256 GB)",4.6,32424.0,1255.0,256.0,,,6.1,12.0,,81999.0
368,Kechaoda A20,3.7,351.0,24.0,512.0,32.0,,1.8,0.3,1000.0,999.0
369,"POCO C31 (Shadow Gray, 64 GB)",4.3,219708.0,13780.0,4.0,64.0,512.0,6.53,13.0,5000.0,9499.0
370,KARBONN K9,4.1,7891.0,654.0,6.6,,,,1800.0,1.0,1324.0
371,"IAIR 2G Dual Sim Big Battery, MP Camera,Video Recording, FM GSM Feature Phone",3.2,9.0,2.0,32.0,32.0,32.0,2.4,0.8,2800.0,1599.0
372,"vivo V23 5G (Stardust Black, 128 GB)",4.4,26185.0,2969.0,8.0,128.0,,6.44,64.0,4200.0,29990.0
373,"realme C25s (Watery Blue, 64 GB)",4.4,51247.0,2948.0,4.0,64.0,256.0,6.5,13.0,6000.0,10990.0
374,"realme 9 5G (Meteor Black, 64 GB)",4.5,40399.0,2277.0,4.0,64.0,1.0,6.5,48.0,5000.0,15999.0
375,"Redmi 9A Sport (Metallic Blue, 32 GB)",4.2,6676.0,478.0,3.0,32.0,,6.53,13.0,5000.0,8490.0
376,"vivo Y33s (Mirror Black, 128 GB)",4.3,12662.0,1135.0,8.0,128.0,1.0,6.58,50.0,5000.0,15935.0
377,"POCO M4 Pro 5G (Yellow, 64 GB)",4.3,47657.0,4014.0,4.0,64.0,1.0,6.6,50.0,5000.0,14999.0
378,"Infinix Smart 6 (Polar Black, 64 GB)",4.3,31985.0,2175.0,2.0,64.0,512.0,6.6,8.0,5000.0,6999.0
379,"Infinix Smart 6 (Light Sea Green, 64 GB)",4.3,31985.0,2175.0,2.0,64.0,512.0,6.6,8.0,5000.0,6999.0
380,"Infinix Smart 6 (Heart Of Ocean, 64 GB)",4.3,31985.0,2175.0,2.0,64.0,512.0,6.6,8.0,5000.0,6999.0
381,"Infinix Smart 6 (Starry Purple, 64 GB)",4.3,31985.0,2175.0,2.0,64.0,512.0,6.6,8.0,5000.0,6999.0
382,"SAMSUNG Galaxy A23 5G (Light Blue, 128 GB)",4.2,372.0,24.0,6.0,128.0,1.0,6.6,50.0,5000.0,22999.0
383,"Google Pixel 7 (Obsidian, 128 GB)",4.4,3978.0,594.0,8.0,128.0,,6.3,50.0,4270.0,55999.0
384,"APPLE iPhone 11 (Black, 64 GB)",4.6,193556.0,11145.0,64.0,,,6.1,12.0,,40999.0
385,"OnePlus 10R (Sierra Black, 128 GB)",4.3,1030.0,62.0,8.0,128.0,,6.7,50.0,5000.0,31900.0
386,"REDMI 10 Power (Power Black, 128 GB)",4.2,2679.0,145.0,8.0,128.0,,6.7,50.0,6000.0,12889.0
387,"realme 9 5G (Supersonic Black, 64 GB)",4.5,40399.0,2277.0,4.0,64.0,1.0,6.5,48.0,5000.0,15999.0
388,Kechaoda K28,4.1,2946.0,253.0,32.0,64.0,16.0,2.4,0.3,1700.0,1299.0
389,KARBONN KX3,4.0,2080.0,142.0,31.0,32.0,,1.8,0.3,800.0,1099.0
390,"realme 9 Pro+ 5G (Midnight Black, 256 GB)",4.4,31677.0,3471.0,8.0,256.0,,6.4,50.0,4500.0,24999.0
391,"realme 9 5G (Stargaze White, 128 GB)",4.4,50374.0,3228.0,6.0,128.0,1.0,6.5,48.0,5000.0,17499.0
392,Nokia 110 DS,4.0,691.0,43.0,4.0,32.0,,1.77,1.0,800.0,1650.0
393,"realme Narzo 50i (Carbon Black, 64 GB)",4.3,62792.0,3496.0,4.0,64.0,256.0,6.5,8.0,5000.0,11000.0
394,"SAMSUNG Galaxy A34 5G (Awesome Graphite, 128 GB)",4.2,358.0,30.0,8.0,128.0,1.0,6.6,48.0,5000.0,30999.0
395,"itel A60 (SapphireBlack, 32 GB)",4.2,60.0,7.0,2.0,32.0,,6.6,8.0,5000.0,5979.0
396,"itel A26 (Light Purple, 32 GB)",3.8,511.0,41.0,2.0,32.0,128.0,5.7,5.0,3020.0,5040.0
397,"Infinix HOT 12 Play (Horizon Blue, 64 GB)",4.3,116190.0,8415.0,4.0,64.0,256.0,6.82,13.0,6000.0,8999.0
398,"MOTOROLA edge 30 (Meteor Grey, 128 GB)",4.1,10534.0,1366.0,6.0,128.0,,6.55,50.0,4020.0,23999.0
399,Kechaoda K10,3.9,14386.0,929.0,32.0,32.0,,0.66,300.0,1.0,1180.0
400,"vivo Y16 (Steller Black, 32 GB)",4.2,2306.0,131.0,3.0,32.0,1.0,6.51,13.0,5000.0,12989.0
401,"REDMI K50i 5G (Stealth Black, 256 GB)",4.3,235.0,20.0,8.0,256.0,,6.6,64.0,5080.0,23948.0
402,GREENBERRI RAFALE,3.8,321.0,69.0,32.0,32.0,,1.8,2.0,1000.0,899.0
403,"APPLE iPhone 14 ((PRODUCT)RED, 128 GB)",4.6,32424.0,1255.0,128.0,,,6.1,12.0,,69999.0
404,Kechaoda K90,3.7,270.0,25.0,32.0,32.0,,3.5,1.3,5000.0,1499.0
405,"Infinix Note 12 TURBO (Jewel Blue, 128 GB)",4.2,8467.0,1043.0,8.0,128.0,512.0,6.7,50.0,5000.0,13999.0
406,"SAMSUNG Galaxy A23 5G (Orange, 128 GB)",4.2,372.0,24.0,6.0,128.0,1.0,6.6,50.0,5000.0,22999.0
407,"Infinix Note 11s (Mithril Grey, 64 GB)",4.3,12163.0,1588.0,6.0,64.0,512.0,6.95,50.0,5000.0,10999.0
408,"realme NARZO 50A PRIME (FLASH BLUE, 64 GB)",4.1,1030.0,49.0,4.0,64.0,,6.6,50.0,5000.0,11340.0
409,"SAMSUNG GALAXY M13 (Stardust Brown, 128 GB)",4.2,631.0,38.0,6.0,128.0,,6.6,50.0,6000.0,13299.0
410,"vivo Y16 (Drizzling Gold, 32 GB)",4.2,2306.0,131.0,3.0,32.0,1.0,6.51,13.0,5000.0,12989.0
411,"IQOO Z6 Lite 5G (Without Charger) (Stellar Green, 64 GB)",4.2,599.0,41.0,4.0,64.0,,6.68,50.0,5000.0,15375.0
412,Nokia 105 SS 2021,4.2,84064.0,6303.0,4.0,4.0,,1.77,800.0,,1435.0
413,Micromax S 211,3.6,18.0,24052.549488054607,32.0,32.0,,2.4,0.3,1000.0,1215.0
414,Micromax X702,3.7,327.0,18.0,32.0,32.0,,2.4,0.3,1000.0,1095.0
415,KARBONN KX 29,3.8,524.0,49.0,32.0,32.0,32.0,2.4,0.3,2700.0,1490.0
416,Cellecor E6+,3.6,183.0,9.0,32.0,32.0,,1.8,0.8,2750.0,1236.0
417,Cellecor R3+,3.9,252.0,17.0,32.0,32.0,,1.77,0.8,1000.0,1049.0
418,"Infinix Hot 11S (Green Wave, 128 GB)",4.3,50248.0,5309.0,4.0,128.0,256.0,6.78,50.0,5000.0,8999.0
419,Cellecor E10,3.7,71.0,4.0,32.0,32.0,32.0,2.4,0.8,2750.0,1353.0
420,itel Power 440,4.2,20.0,24052.549488054607,32.0,32.0,,2.4,0.3,2500.0,1519.0
421,I Kall K99 Pro,3.7,3.0,24052.549488054607,32.0,64.0,16.0,2.4,0.3,2500.0,1279.0
422,MarQ by Flipkart M80 Jalwa,3.9,1758.0,174.0,32.0,32.0,32.0,2.8,0.3,1450.0,1899.0
423,Cellecor E1,3.7,43.0,2.0,32.0,32.0,32.0,1.8,0.8,1000.0,1106.0
424,"realme 9 Pro+ 5G (Sunrise Blue, 256 GB)",4.4,31677.0,3471.0,8.0,256.0,,6.4,50.0,4500.0,24999.0
425,"SAMSUNG Galaxy A14 5G (Black, 128 GB)",4.1,690.0,68.0,8.0,128.0,1.0,6.6,50.0,5000.0,20999.0
426,Cellecor C9,3.8,34.0,1.0,32.0,32.0,,1.8,1000.0,1.0,939.0
427,"IQOO Z6 Lite 5G (Without Charger) (Mystic Night, 64 GB)",4.2,599.0,41.0,4.0,64.0,,6.68,50.0,5000.0,15375.0
428,"vivo T1 5G (Starlight Black, 128 GB)",4.3,17403.0,1470.0,8.0,128.0,1.0,6.58,50.0,5000.0,19990.0
429,SAMSUNG 1215,4.2,15.0,24052.549488054607,153.0,153.0,,1.5,800.0,12.0,2099.0
430,Muphone MU M360,4.2,131.0,7.0,32.0,32.0,,1.44,1.3,800.0,1199.0
431,"SAMSUNG Galaxy A34 5G (Awesome Lime, 128 GB)",4.2,358.0,30.0,8.0,128.0,1.0,6.6,48.0,5000.0,30999.0
432,"Infinix HOT 12 Play (Daylight Green, 64 GB)",4.3,116190.0,8415.0,4.0,64.0,256.0,6.82,13.0,6000.0,8999.0
433,"realme Narzo N55 (Prime Black, 128 GB)",4.2,45.0,2.0,6.0,128.0,,6.72,64.0,5000.0,14420.0
434,"realme Narzo 50 Pro 5G (Hyper Black, 128 GB)",4.1,59.0,1.0,8.0,128.0,,6.4,48.0,5000.0,21777.0
435,KARBONN K110i,3.6,212.0,20.0,0.0,,8.0,1.8,1000.0,1.0,949.0
436,GFive C3 Golden,3.6,321.0,11.0,32.0,32.0,,1.77,0.3,400.0,999.0
437,PHILIPS E125,3.6,380.0,39.0,32.0,24.0,16.0,1.77,0.3,2000.0,1328.0
438,MTR Ferrari,4.1,6568.0,466.0,64.0,64.0,,1.77,0.3,800.0,1360.0
439,"Infinix HOT 12 Play (Racing Black, 64 GB)",4.3,116190.0,8415.0,4.0,64.0,256.0,6.82,13.0,6000.0,8999.0
440,LAVA LF9000,4.2,65.0,2.0,20.0,20.0,,2.8,2575.0,1.0,1689.0
441,"Redmi 9A Sport (Carbon Black, 32 GB)",4.2,6676.0,478.0,3.0,32.0,,6.53,13.0,5000.0,8490.0
442,"SAMSUNG Galaxy A23 (Blue, 128 GB)",4.3,536.0,35.0,8.0,128.0,1.0,6.6,50.0,5000.0,18999.0
443,Snexian GURU 310,3.3,19588.0,1561.0,32.0,32.0,,1.8,1.3,800.0,699.0
444,"SAMSUNG Galaxy S22 Plus 5G (Phantom Black, 128 GB)",4.5,2962.0,335.0,8.0,128.0,,6.6,50.0,4500.0,54999.0
445,"OPPO F21s Pro 5G (Dawnlight Gold, 128 GB)",4.2,639.0,44.0,8.0,128.0,1.0,6.43,64.0,4500.0,24549.0
446,"realme 9 Pro+ 5G (Aurora Green, 256 GB)",4.4,31677.0,3471.0,8.0,256.0,,6.4,50.0,4500.0,24999.0
447,"vivo Y1s (Aurora Blue, 32 GB)",4.3,1770.0,112.0,3.0,32.0,256.0,6.22,13.0,4030.0,9690.0
448,KARBONN K531,4.2,106.0,16.0,32.0,32.0,32.0,2.4,0.3,1800.0,1348.0
449,LAVA A7 2020,3.9,1354.0,123.0,24.0,32.0,32.0,2.4,0.3,1800.0,1519.0
450,"Nokia C01 Plus (Grey, 16 GB)",3.8,4909.0,427.0,2.0,16.0,,5.45,5.0,3000.0,5049.0
451,"REDMI Note 11 (Space Black, 64 GB)",4.2,1730.0,129.0,4.0,64.0,,6.43,50.0,5000.0,12990.0
452,"MOTOROLA G60 (Moonless, 128 GB)",4.2,135643.0,13661.0,6.0,128.0,,6.78,108.0,6000.0,15999.0
453,"IQOO Neo 7 5G (Frost Blue, 128 GB)",4.5,144.0,19.0,8.0,128.0,,6.78,64.0,5000.0,30777.0
454,"IQOO Neo 7 5G (Frost Blue, 256 GB)",4.5,47.0,6.0,12.0,256.0,,6.78,64.0,5000.0,34565.0
455,"IQOO Neo 7 5G (Interstellar Black, 256 GB)",4.5,47.0,6.0,12.0,256.0,,6.78,64.0,5000.0,34528.0
456,"POCO M4 Pro (Yellow, 64 GB)",4.3,169270.0,14923.0,6.0,64.0,1.0,6.43,64.0,5000.0,14999.0
457,"MOTOROLA Edge 30 Ultra (Interstellar Black, 128 GB)",4.3,1255.0,232.0,8.0,128.0,,6.67,200.0,4610.0,44999.0
458,Kechaoda K-9,4.0,1394.0,139.0,64.0,64.0,,2.2,0.3,2000.0,1270.0
459,Snexian Guru Music 1,3.5,3339.0,221.0,32.0,32.0,,1.77,1.0,850.0,799.0
460,"MOTOROLA g82 5G (White Lily, 128 GB)",4.1,5977.0,706.0,8.0,128.0,1.0,6.6,50.0,5000.0,21699.0
461,"Tecno Camon 19 (Memphis Green, 128 GB)",4.2,549.0,52.0,6.0,128.0,512.0,6.8,64.0,5000.0,13999.0
462,"MOTOROLA Edge 30 Fusion (Viva Magenta, 128 GB)",4.3,3255.0,535.0,8.0,128.0,,6.55,50.0,4400.0,39999.0
463,"MOTOROLA g52 (Metallic White, 128 GB)",4.2,37715.0,4226.0,6.0,128.0,,6.6,50.0,5000.0,13999.0
464,"REDMI 10 Prime 2022 (Phantom Black, 64 GB)",4.2,3468.0,237.0,4.0,64.0,,6.5,50.0,6000.0,12728.0
465,"REDMI Note 12 5G (Frosted Green, 128 GB)",4.1,281.0,20.0,4.0,128.0,1.0,6.67,48.0,5000.0,16999.0
466,"vivo Y100 5G (Pacific Blue, 128 GB)",4.3,976.0,68.0,8.0,128.0,,6.38,64.0,4500.0,24999.0
467,"APPLE iPhone 14 Plus (Blue, 128 GB)",4.7,9895.0,605.0,128.0,,,6.7,12.0,,80999.0
468,"OPPO F21 Pro (Sunset Orange, 128 GB)",4.4,4062.0,284.0,8.0,128.0,,6.43,64.0,4500.0,20999.0
469,Cellecor X50+,3.5,117.0,9.0,32.0,32.0,,2.8,0.8,2750.0,1599.0
470,Nokia 125 TA-1253 DS,4.0,3167.0,206.0,4.0,4.0,,2.4,1020.0,,2369.0
471,"realme C31 (Dark Green, 32 GB)",4.5,47732.0,1868.0,3.0,32.0,1.0,6.52,13.0,5000.0,9299.0
472,"SAMSUNG Galaxy S23 5G (Cream, 128 GB)",4.5,1251.0,205.0,8.0,128.0,,6.1,50.0,3900.0,74999.0
473,"SAMSUNG Galaxy S21 FE 5G (Graphite, 128 GB)",4.3,49978.0,4819.0,8.0,128.0,,6.4,12.0,4500.0,74999.0
474,"Tecno Spark 9 (Sky Mirror, 64 GB)",4.0,131.0,6.0,3.0,64.0,512.0,6.6,13.0,5000.0,8398.0
475,"SAMSUNG Galaxy A23 (Black, 128 GB)",4.2,956.0,64.0,6.0,128.0,1.0,6.6,50.0,5000.0,17499.0
476,"Infinix Hot 12 Pro (Racing Black, 64 GB)",4.2,10573.0,625.0,6.0,64.0,256.0,6.6,50.0,5000.0,9999.0
477,"OnePlus 10R (Forest Green, 256 GB)",4.2,115.0,4.0,12.0,256.0,,6.7,50.0,5000.0,40999.0
478,"APPLE iPhone 14 (Purple, 256 GB)",4.6,32424.0,1255.0,256.0,,,6.1,12.0,,81999.0
479,"SAMSUNG Galaxy A23 5G (Silver, 128 GB)",4.2,372.0,24.0,6.0,128.0,1.0,6.6,50.0,5000.0,22999.0
480,"Infinix Hot 12 Pro (Electric Blue, 64 GB)",4.2,10573.0,625.0,6.0,64.0,256.0,6.6,50.0,5000.0,9999.0
481,"vivo V25 5G (Elegant Black, 256 GB)",4.3,1602.0,170.0,12.0,256.0,,6.44,64.0,4500.0,29799.0
482,"realme C31 (Light Silver, 64 GB)",4.4,64660.0,3022.0,4.0,64.0,1.0,6.52,13.0,5000.0,9999.0
483,Kechaoda K9,4.1,2746.0,252.0,32.0,64.0,16.0,2.4,0.3,1700.0,1285.0
484,"vivo Y75 (Moonlight Shadow, 128 GB)",4.3,2507.0,189.0,8.0,128.0,1.0,6.44,50.0,4050.0,19990.0
485,"MOTOROLA g31 (Meteorite Grey, 64 GB)",4.2,39266.0,4282.0,4.0,64.0,1.0,6.4,50.0,5000.0,11999.0
486,LAVA Flip,4.2,1934.0,154.0,56.0,56.0,,2.4,0.08,1200.0,13421.11604095563
487,"Infinix Note 11 (Celestial Snow, 128 GB)",4.2,11150.0,1274.0,6.0,128.0,512.0,6.7,50.0,5000.0,11499.0
488,"vivo Y15c (Wave Green, 64 GB)",4.2,1326.0,93.0,3.0,64.0,1.0,6.51,13.0,5000.0,12490.0
489,Nokia 105 DS 2020,4.2,27694.0,2078.0,4.0,4.0,,1.77,800.0,,1598.0
490,"Infinix Note 11 (Celestial Snow, 64 GB)",4.3,39057.0,4651.0,4.0,64.0,512.0,6.7,50.0,5000.0,12499.0
491,"Infinix Note 11 (Graphite Black, 64 GB)",4.3,39057.0,4651.0,4.0,64.0,512.0,6.7,50.0,5000.0,12499.0
492,MTR S700,3.9,277.0,26.0,32.0,32.0,,2.4,0.8,3000.0,1050.0
493,"APPLE iPhone 14 Plus (Starlight, 128 GB)",4.7,9895.0,605.0,128.0,,,6.7,12.0,,80999.0
494,KARBONN K9 Yuva,3.9,718.0,51.0,64.0,32.0,,1.8,2.0,2502.0,1298.0
495,Nokia 5310ds,4.1,7987.0,563.0,8.0,16.0,32.0,2.4,0.3,1200.0,3809.0
496,"Infinix Hot 11 (Emerald Green, 64 GB)",4.3,16349.0,1383.0,4.0,64.0,256.0,6.6,13.0,5200.0,9999.0
497,MU M5000,3.9,2514.0,321.0,32.0,32.0,,2.8,1.3,2500.0,1199.0
498,"OPPO A77 (Sky Blue, 64 GB)",4.3,683.0,41.0,4.0,64.0,1.0,6.56,50.0,5000.0,15499.0
499,Nokia 3310 DS 2020,3.9,35642.0,3596.0,16.0,,32.0,2.4,2.0,1200.0,4399.0
500,"itel A49 (Crystal Purple, 32 GB)",4.2,800.0,42.0,2.0,32.0,128.0,6.6,5.0,4000.0,6299.0
501,"Infinix Hot 11 (Silver Wave, 64 GB)",4.3,16349.0,1383.0,4.0,64.0,256.0,6.6,13.0,5200.0,9999.0
502,LAVA Gem Wave / GEM,4.2,1317.0,138.0,32.0,32.0,,2.8,1.3,1750.0,1899.0
503,GFive Mega Music,3.6,38.0,1.0,32.0,64.0,16.0,2.4,0.3,3000.0,1099.0
504,"REDMI 9 Activ (Metallic Purple, 64 GB)",4.2,10393.0,694.0,4.0,64.0,,6.53,13.0,5000.0,9890.0
505,"OnePlus 10R 5G (Forest Green, 256 GB)",4.2,1339.0,89.0,12.0,256.0,,6.7,50.0,5000.0,36809.0
506,"itel A25 New (Crystal Blue, 16 GB)",,1682.2269624573378,24052.549488054607,1.0,16.0,,5.0,5.0,3020.0,4299.0
507,KARBONN k106s,3.6,74.0,8.0,10.0,10.0,,1.8,0.3,800.0,970.0
508,"vivo Y21E (Diamond Glow, 64 GB)",4.2,308.0,19.0,3.0,64.0,,6.51,13.0,5000.0,11842.0
509,"Infinix Hot 12 Pro (Lightsaber Green, 128 GB)",4.0,5126.0,423.0,8.0,128.0,256.0,6.6,50.0,5000.0,12999.0
510,"OPPO A17K (Gold, 64 GB)",4.5,4131.0,104.0,3.0,64.0,1.0,6.56,8.0,5000.0,9480.0
511,"REDMI Note 12 5G (Matte Black, 128 GB)",4.3,402.0,31.0,6.0,128.0,1.0,6.67,48.0,5000.0,13421.11604095563
512,"SAMSUNG GALAXY M13 5G (Midnight Blue, 64 GB)",4.1,679.0,40.0,4.0,64.0,,6.5,50.0,5000.0,13195.0
513,Kechaoda K01,,1682.2269624573378,24052.549488054607,32.0,32.0,,1.3,0.3,850.0,1299.0
514,itel iPower 430 Triple sim,3.9,59.0,3.0,8.0,8.0,,2.4,0.3,2500.0,1569.0
515,"SAMSUNG Galaxy A14 5G (Dark Red, 128 GB)",4.1,690.0,68.0,8.0,128.0,1.0,6.6,50.0,5000.0,22999.0
516,Micromax X743,3.8,209.0,9.0,32.0,32.0,8.0,2.4,0.03,1000.0,1210.0
517,"Infinix Note 11 (Glacier Green, 128 GB)",4.2,11150.0,1274.0,6.0,128.0,512.0,6.7,50.0,5000.0,11499.0
518,LAVA Hero,4.0,1487.0,137.0,32.0,0.0,,1.8,600.0,6.0,749.0
519,"Redmi 9A Sport (Coral Green, 32 GB)",4.1,25960.0,1919.0,2.0,32.0,,6.53,13.0,5000.0,7999.0
520,"SAMSUNG Galaxy A04e (Copper, 64 GB)",4.4,53.0,4.0,3.0,64.0,1.0,6.5,13.0,5000.0,9999.0
521,LAVA A9,4.1,8185.0,811.0,24.0,32.0,32.0,2.8,1.3,1700.0,1670.0
522,itel it2163S,4.1,978.0,92.0,4.0,4.0,32.0,1.8,1200.0,7.0,989.0
523,SAREGAMA Carvaan Mobile M21(CM281) with 1500 pre-loaded songs,4.0,134.0,19.0,32.0,2.0,,2.4,0.3,2500.0,2490.0
524,GFive C2 Black,3.5,146.0,9.0,32.0,32.0,,1.77,0.3,400.0,980.0
525,"vivo X90 (Breeze Blue, 256 GB)",4.5,64.0,12.0,8.0,256.0,,6.78,50.0,4810.0,59999.0
526,"SAMSUNG Galaxy M32 Prime Edition (Black, 128 GB)",4.3,204.0,24.0,6.0,128.0,,6.4,64.0,6000.0,15999.0
527,Kechaoda K108,3.8,2199.0,231.0,64.0,64.0,,3.5,1.3,6000.0,2996.0
528,itel Power 110,4.1,848.0,63.0,4.0,4.0,32.0,1.8,0.3,2500.0,1325.0
529,Kechaoda 888,4.1,210.0,15.0,64.0,32.0,,1.8,3000.0,1.0,1899.0
530,Eunity Alpha,3.6,27.0,1.0,16.0,16.0,16.0,1.77,0.3,1000.0,649.0
531,"REDMI Note 11T 5G (Stardust White, 128 GB)",4.2,401.0,26.0,8.0,128.0,,6.6,50.0,5000.0,19990.0
532,"REDMI Note 11T 5G (Aquamarine Blue, 128 GB)",4.3,498.0,29.0,6.0,128.0,,6.6,50.0,5000.0,19999.0
533,Good One G5605N,3.9,1073.0,185.0,32.0,32.0,32.0,1.8,2.0,2500.0,999.0
534,"realme 9 5G SE (Starry Glow, 128 GB)",4.4,28072.0,2309.0,6.0,128.0,1.0,6.6,48.0,5000.0,19999.0
535,itel Muzik 110,4.1,395.0,41.0,4.0,4.0,32.0,1.8,0.3,1900.0,1240.0
536,"REDMI Note 11S (Horizon Blue, 128 GB)",4.2,1316.0,110.0,8.0,128.0,,6.43,108.0,5000.0,18999.0
537,"vivo Y20T (Obsidian Black, 64 GB)",4.3,2500.0,170.0,6.0,64.0,1.0,6.51,13.0,5000.0,14890.0
538,Snexian BOLD,3.8,1277.0,47.0,512.0,256.0,,1.8,0.3,1000.0,1199.0
539,"REDMI Note 9 (Scarlet Red, 128 GB)",4.3,6691.0,442.0,6.0,128.0,512.0,6.53,48.0,5020.0,14999.0
540,"Google Pixel 7 Pro (Obsidian, 128 GB)",4.4,2381.0,384.0,12.0,128.0,,6.7,50.0,4926.0,80999.0
541,"Infinix Hot 12 Pro (Lightsaber Green, 64 GB)",4.2,10573.0,625.0,6.0,64.0,256.0,6.6,50.0,5000.0,9999.0
542,"Micromax Bharat 2 Plus (Champagne, 8 GB)",3.3,6980.0,756.0,1.0,8.0,32.0,4.0,5.0,1600.0,3599.0
543,"realme Narzo 50A Prime (Flash Black, 64 GB)",4.1,1030.0,49.0,4.0,64.0,512.0,6.6,50.0,5000.0,11499.0
544,"realme Narzo 50A Prime (Flash Blue, 128 GB)",4.1,1030.0,49.0,4.0,128.0,,6.6,50.0,5000.0,11999.0
545,"realme GT 2 (Steel Black, 128 GB)",4.3,8055.0,978.0,8.0,128.0,,6.62,50.0,5000.0,34999.0
546,"realme GT 2 (Paper White, 128 GB)",4.3,8055.0,978.0,8.0,128.0,,6.62,50.0,5000.0,34999.0
547,itel Power200,4.4,24.0,6.0,32.0,32.0,,1.8,0.3,2500.0,1319.0
548,"REDMI Note 11S (Polar White, 64 GB)",4.2,3243.0,254.0,6.0,64.0,,6.43,108.0,5000.0,14949.0
549,"Micromax IN 2C (Silver, 32 GB)",4.1,4975.0,527.0,3.0,32.0,256.0,6.52,8.0,5000.0,5999.0
550,XTOUCH F40 feature phone ( Not support Jio SIM ),3.7,149.0,28.0,32.0,64.0,,1.77,1.2,800.0,1899.0
551,"itel A27 (Silver Purple, 32 GB)",4.0,921.0,62.0,2.0,32.0,32.0,5.45,2.0,4000.0,5181.0
552,"OPPO F21s Pro 5G (Starlight Black, 128 GB)",4.2,639.0,44.0,8.0,128.0,1.0,6.43,64.0,4500.0,24099.0
553,"APPLE iPhone 14 Pro Max (Space Black, 128 GB)",4.7,1304.0,101.0,128.0,,,6.7,48.0,,127999.0
554,"Redmi 9A (Midnight Black, 32 GB)",4.3,14849.0,912.0,3.0,32.0,512.0,6.53,13.0,5000.0,7982.0
555,"OPPO A76 (Glowing Blue, 128 GB)",4.3,425.0,29.0,6.0,128.0,1.0,6.56,13.0,5000.0,16490.0
556,"LAVA Z3 (Striped Blue, 32 GB)",4.1,1177.0,155.0,3.0,32.0,512.0,6.5,8.0,5000.0,7499.0
557,"realme 9 5G SE (Azure Glow, 128 GB)",4.4,28072.0,2309.0,6.0,128.0,1.0,6.6,48.0,5000.0,19999.0
558,Muphone M350,3.9,49.0,1.0,32.0,32.0,,1.44,1.3,800.0,999.0
559,"realme 8i (Space Black, 64 GB)",4.5,173925.0,10915.0,4.0,64.0,256.0,6.6,50.0,5000.0,13999.0
560,"SAMSUNG GALAXY M13 5G (Midnight Blue, 128 GB)",4.2,1131.0,76.0,6.0,128.0,,6.5,50.0,5000.0,15987.0
561,XTOUCH F10,4.3,7.0,6.0,32.0,56.0,,1.77,1.3,800.0,1199.0
562,"SAMSUNG Galaxy A14 5G (Light Green, 64 GB)",4.1,783.0,53.0,4.0,64.0,1.0,6.6,50.0,5000.0,18499.0
563,"REDMI 9i Sport (Carbon Black, 64 GB)",4.3,253016.0,14763.0,4.0,64.0,512.0,6.53,13.0,5000.0,9999.0
564,"Moto G71 5G (Arctic Blue, 128 GB)",4.2,23459.0,2668.0,6.0,128.0,,6.4,50.0,5000.0,16999.0
565,"REDMI Note 9 (Aqua Green, 64 GB)",4.3,124367.0,9416.0,4.0,64.0,512.0,6.53,48.0,5020.0,12790.0
566,"REDMI Note 9 (Pebble Grey, 64 GB)",4.3,124367.0,9416.0,4.0,64.0,512.0,6.53,48.0,5020.0,12990.0
567,I Kall K88 PRO 4G Keypad Mobile,3.3,80.0,10.0,48.0,128.0,128.0,2.4,0.8,1800.0,1998.0
568,I Kall K26,3.5,532.0,86.0,32.0,32.0,,1.77,0.3,1000.0,804.0
569,"realme Narzo 50A (Oxygen Green, 64 GB)",4.4,341626.0,22174.0,4.0,64.0,256.0,6.5,50.0,6000.0,12890.0
570,Kechaoda K35,3.9,299.0,25.0,32.0,32.0,16.0,2.8,0.3,1700.0,1399.0
571,LAVA A5,4.1,12821.0,1191.0,32.0,24.0,32.0,2.4,0.3,1000.0,1479.0
572,"SAMSUNG Galaxy S22 5G (Bora Purple, 128 GB)",4.3,238.0,31.0,8.0,128.0,,6.1,50.0,3700.0,13421.11604095563
573,MTR S1100,2.8,8.0,24052.549488054607,32.0,32.0,,2.4,0.3,3000.0,1050.0
574,GFive U106 Combo of Two,3.4,686.0,55.0,32.0,64.0,16.0,1.8,0.3,950.0,1499.0
575,MTR M1,3.9,131.0,12.0,32.0,32.0,,1.44,0.03,1100.0,1050.0
576,Peace Mi4,4.1,10.0,24052.549488054607,64.0,128.0,,1.8,2500.0,1.0,849.0
577,"itel A48 (Gradation Purple, 32 GB)",3.9,3325.0,239.0,2.0,32.0,128.0,6.1,5.0,3000.0,6299.0
578,"Nokia C12 pro (Light mint, 64 GB)",4.6,5.0,2.0,2.0,64.0,,6.3,8.0,4000.0,7839.0
579,"Infinix Hot 11S (Polar Black, 64 GB)",4.3,50248.0,5309.0,4.0,64.0,256.0,6.78,50.0,5000.0,10999.0
580,"SAMSUNG Galaxy F22 (Denim Blue, 64 GB)",4.3,104261.0,9928.0,4.0,64.0,1.0,6.4,48.0,6000.0,11499.0
581,Snexian BOLD 1K,3.6,128.0,7.0,32.0,32.0,,1.44,1.3,800.0,999.0
582,"realme C25_Y (Metal Grey, 64 GB)",4.5,47359.0,2236.0,4.0,64.0,,6.5,50.0,5000.0,10999.0
583,"vivo Y91i (Ocean Blue, 32 GB)",4.3,43038.0,2920.0,2.0,32.0,256.0,6.22,13.0,4030.0,9990.0
584,I Kall k78 Pro 2.4 inch Big Battery,,1682.2269624573378,24052.549488054607,32.0,64.0,16.0,2.4,0.3,2500.0,1279.0
585,Cellecor A30i,3.4,25.0,3.0,32.0,32.0,32.0,2.4,0.8,2000.0,1304.0
